mode,algorithm,keys_per_batch,repeat,iterations,ns_per_key,input_GB_per_s,seed
latency,splitmix-reference,1,0,4255197,3.66261421,2.18423223,42
latency,XXH3-64-inline,1,0,2710667,4.66535211,1.71476875,42
latency,iskra64-inline,1,0,3497678,3.68470282,2.17113846,42
latency,XXH64-inline,1,0,2215925,7.21787876,1.10835888,42
latency,XXH64-inline,1,1,2128801,7.28900165,1.097544,42
latency,splitmix-reference,1,1,3960421,3.73426714,2.14232129,42
latency,iskra64-inline,1,1,3895186,3.68757795,2.16944567,42
latency,XXH3-64-inline,1,1,3356895,4.61663084,1.73286543,42
latency,XXH3-64-inline,1,2,3358271,4.61115765,1.73492225,42
latency,XXH64-inline,1,2,2216430,7.14972817,1.11892366,42
latency,splitmix-reference,1,2,4256118,3.64523728,2.19464451,42
latency,iskra64-inline,1,2,4256118,3.66103571,2.18517399,42
latency,XXH3-64-inline,1,3,3357927,4.68922999,1.70603703,42
latency,splitmix-reference,1,3,4257409,3.71339611,2.15436215,42
latency,iskra64-inline,1,3,4257409,3.59964969,2.22243848,42
latency,XXH64-inline,1,3,2154121,7.0799463,1.12995207,42
latency,iskra64-inline,1,4,4259807,3.77324724,2.12018972,42
latency,splitmix-reference,1,4,4256671,3.69745066,2.16365294,42
latency,XXH64-inline,1,4,2163470,7.30292123,1.09545205,42
latency,XXH3-64-inline,1,4,3221497,4.6556517,1.7183416,42
latency,iskra64-inline,1,5,3967134,3.66748791,2.18132961,42
latency,splitmix-reference,1,5,4254092,3.73158408,2.14386165,42
latency,XXH3-64-inline,1,5,3354593,4.63678276,1.72533423,42
latency,XXH64-inline,1,5,2215775,7.11360404,1.12460575,42
latency,XXH64-inline,1,6,2216575,6.99924884,1.14297979,42
latency,XXH3-64-inline,1,6,3354604,4.85221117,1.64873286,42
latency,iskra64-inline,1,6,4026030,3.80674064,2.10153535,42
latency,splitmix-reference,1,6,4257796,3.68470847,2.17113513,42
latency,XXH3-64-inline,1,7,2865036,4.58133301,1.74621665,42
latency,XXH64-inline,1,7,2153786,7.07009285,1.13152687,42
latency,iskra64-inline,1,7,3392038,3.60585701,2.21861266,42
latency,splitmix-reference,1,7,4234284,3.68295301,2.17216999,42
latency,splitmix-reference,1,8,4044117,3.62722987,2.20553984,42
latency,iskra64-inline,1,8,3625447,3.606579,2.21816852,42
latency,XXH64-inline,1,8,2215176,7.18993841,1.112666,42
latency,XXH3-64-inline,1,8,3355176,4.64898235,1.72080671,42
batch,XXH3-64-inline,16,0,3415373,0.294494811,27.1651646,42
batch,iskra64-auto,16,0,2308104,0.441962077,18.1011006,42
batch,iskra64-portable,16,0,831376,1.1682875,6.84762955,42
batch,iskra64-inline,16,0,915866,1.16973724,6.83914281,42
batch,splitmix-reference,16,0,915798,1.09279796,7.32065787,42
batch,std-hash-u64,16,0,3343764,0.279152756,28.6581444,42
batch,XXH64-inline,16,0,355082,1.99574253,4.0085331,42
batch,iskra64-avx512,16,0,2021401,0.426025347,18.7782254,42
batch,iskra64-avx2,16,0,1628067,0.613592761,13.0379635,42
batch,XXH64-inline,16,1,487179,1.91884785,4.1691685,42
batch,splitmix-reference,16,1,915798,1.09456063,7.30886875,42
batch,iskra64-avx512,16,1,2408467,0.419002367,19.0929709,42
batch,std-hash-u64,16,1,3206555,0.271172567,29.5015093,42
batch,XXH3-64-inline,16,1,3558026,0.281424271,28.4268303,42
batch,iskra64-portable,16,1,782117,1.36213723,5.87312335,42
batch,iskra64-auto,16,1,2051641,0.473751103,16.8865042,42
batch,iskra64-inline,16,1,770939,1.15644412,6.9177575,42
batch,iskra64-avx2,16,1,1591936,0.612327184,13.0649107,42
batch,splitmix-reference,16,2,915764,1.12573402,7.10647442,42
batch,iskra64-auto,16,2,1898625,0.417788334,19.1484524,42
batch,iskra64-inline,16,2,806219,1.08649968,7.36309465,42
batch,iskra64-avx2,16,2,1603486,0.608580579,13.1453423,42
batch,iskra64-portable,16,2,830671,1.45807982,5.48666806,42
batch,XXH64-inline,16,2,476666,2.00309153,3.99382649,42
batch,XXH3-64-inline,16,2,3412527,0.282927267,28.2758183,42
batch,iskra64-avx512,16,2,2408467,0.410267117,19.4994911,42
batch,std-hash-u64,16,2,3242558,0.275513537,29.0366857,42
batch,std-hash-u64,16,3,3331029,0.268917559,29.7488942,42
batch,iskra64-avx2,16,3,1603800,0.620182574,12.8994273,42
batch,iskra64-portable,16,3,830699,1.23360658,6.48504973,42
batch,iskra64-auto,16,3,2215171,0.500346418,15.9889223,42
batch,XXH64-inline,16,3,470371,1.95528649,4.09147203,42
batch,iskra64-inline,16,3,870791,1.11598327,7.16856625,42
batch,iskra64-avx512,16,3,2408207,0.411101003,19.4599379,42
batch,XXH3-64-inline,16,3,3415895,0.278591061,28.7159249,42
batch,splitmix-reference,16,3,915832,1.12436622,7.1151195,42
batch,iskra64-auto,16,4,2308320,0.440010673,18.1813771,42
batch,splitmix-reference,16,4,915866,1.11752647,7.15866711,42
batch,iskra64-inline,16,4,770067,1.15846803,6.9056718,42
batch,iskra64-portable,16,4,830758,1.40202141,5.70604697,42
batch,iskra64-avx2,16,4,1214295,0.622207948,12.8574378,42
batch,iskra64-avx512,16,4,1909557,0.477860212,16.7412976,42
batch,std-hash-u64,16,4,3293487,0.289999949,27.5862117,42
batch,XXH64-inline,16,4,474334,1.97161533,4.05758662,42
batch,XXH3-64-inline,16,4,2696984,0.287592965,27.8170921,42
batch,iskra64-auto,16,5,849654,0.483762949,16.537025,42
batch,iskra64-avx512,16,5,2214971,0.425125995,18.8179507,42
batch,XXH64-inline,16,5,431634,2.02645905,3.94777284,42
batch,iskra64-inline,16,5,915832,1.13600604,7.04221605,42
batch,std-hash-u64,16,5,3083292,0.280583667,28.5119946,42
batch,splitmix-reference,16,5,915764,1.18534197,6.7491072,42
batch,XXH3-64-inline,16,5,2997767,0.289942626,27.5916656,42
batch,iskra64-portable,16,5,548851,1.36244867,5.87178086,42
batch,iskra64-avx2,16,5,1583719,0.622604018,12.8492586,42
batch,iskra64-avx512,16,6,2130559,0.514504615,15.5489373,42
batch,iskra64-portable,16,6,797701,1.4148742,5.65421294,42
batch,iskra64-avx2,16,6,1583413,0.642522158,12.4509325,42
batch,iskra64-auto,16,6,2215371,0.505363436,15.8301916,42
batch,splitmix-reference,16,6,854475,1.11137299,7.19830341,42
batch,iskra64-inline,16,6,915832,1.1085444,7.21667078,42
batch,XXH3-64-inline,16,6,3554938,0.281792502,28.3896837,42
batch,XXH64-inline,16,6,472408,1.943967,4.1152962,42
batch,std-hash-u64,16,6,3289079,0.277384566,28.840826,42
batch,std-hash-u64,16,7,3159112,0.273610393,29.2386554,42
batch,iskra64-inline,16,7,805902,1.14090206,7.01199542,42
batch,XXH64-inline,16,7,485704,1.95440266,4.09332231,42
batch,XXH3-64-inline,16,7,3413001,0.283632755,28.2054871,42
batch,iskra64-portable,16,7,830727,1.28211073,6.23971067,42
batch,splitmix-reference,16,7,696221,1.11877963,7.15064858,42
batch,iskra64-avx2,16,7,1460865,0.639341974,12.5128653,42
batch,iskra64-avx512,16,7,2130189,0.523089911,15.2937379,42
batch,iskra64-auto,16,7,2129802,0.529554977,15.1070245,42
batch,XXH64-inline,16,8,488401,2.00747388,3.98510789,42
batch,XXH3-64-inline,16,8,3557511,0.281191945,28.4503171,42
batch,iskra64-avx512,16,8,2407995,0.406690732,19.6709671,42
batch,std-hash-u64,16,8,3239566,0.273968836,29.2004015,42
batch,iskra64-inline,16,8,821387,1.11044954,7.20428956,42
batch,iskra64-portable,16,8,798637,1.22508857,6.53014009,42
batch,iskra64-avx2,16,8,1627625,0.622825474,12.8446898,42
batch,iskra64-auto,16,8,2215770,0.516143908,15.4995533,42
batch,splitmix-reference,16,8,915866,1.23759439,6.4641534,42
batch,iskra64-auto,1024,0,81599,0.187122666,42.7527042,42
batch,XXH64-inline,1024,0,7698,1.97777147,4.04495672,42
batch,iskra64-portable,1024,0,12551,1.47995989,5.40555191,42
batch,splitmix-reference,1024,0,83976,0.182505932,43.8341916,42
batch,iskra64-avx512,1024,0,82070,0.193813601,41.276773,42
batch,iskra64-avx2,1024,0,29454,0.51661625,15.485382,42
batch,std-hash-u64,1024,0,171252,0.0916831902,87.2569986,42
batch,XXH3-64-inline,1024,0,53477,0.379516435,21.079456,42
batch,iskra64-inline,1024,0,46720,0.179830724,44.4862804,42
batch,iskra64-avx2,1024,1,29456,0.516465468,15.489903,42
batch,XXH3-64-inline,1024,1,53837,0.287027803,27.8718644,42
batch,splitmix-reference,1024,1,83938,0.18424675,43.4200332,42
batch,XXH64-inline,1024,1,7700,1.97616224,4.04825062,42
batch,iskra64-portable,1024,1,13249,1.51249298,5.28928074,42
batch,iskra64-avx512,1024,1,82140,0.188849425,42.3617916,42
batch,iskra64-auto,1024,1,82228,0.191128606,41.8566333,42
batch,iskra64-inline,1024,1,83903,0.181532136,44.0693321,42
batch,std-hash-u64,1024,1,171023,0.0919487186,87.0050189,42
batch,XXH64-inline,1024,2,7502,1.99100839,4.01806444,42
batch,iskra64-avx2,1024,2,29094,0.541642566,14.7698879,42
batch,XXH3-64-inline,1024,2,53484,0.28398302,28.1706984,42
batch,iskra64-inline,1024,2,83228,0.189941101,42.1183196,42
batch,iskra64-auto,1024,2,81736,0.186545852,42.884899,42
batch,iskra64-avx512,1024,2,81825,0.186178487,42.9695188,42
batch,iskra64-portable,1024,2,13379,1.54836061,5.16675505,42
batch,splitmix-reference,1024,2,83919,0.185339795,43.1639627,42
batch,std-hash-u64,1024,2,171252,0.0915438727,87.3897921,42
batch,XXH64-inline,1024,3,7905,1.95660307,4.08871893,42
batch,iskra64-avx2,1024,3,28901,0.55706283,14.3610372,42
batch,iskra64-inline,1024,3,83958,0.188944372,42.3405043,42
batch,std-hash-u64,1024,3,171023,0.102515891,78.0366823,42
batch,iskra64-avx512,1024,3,82158,0.20869922,38.3326779,42
batch,XXH3-64-inline,1024,3,53680,0.326992839,24.4653676,42
batch,iskra64-portable,1024,3,13843,1.38239939,5.78703961,42
batch,splitmix-reference,1024,3,83995,0.195217512,40.9799301,42
batch,iskra64-auto,1024,3,81860,0.211529068,37.8198612,42
batch,iskra64-auto,1024,4,82158,0.208765891,38.3204361,42
batch,iskra64-inline,1024,4,83956,0.226653193,35.2962157,42
batch,std-hash-u64,1024,4,170947,0.117586809,68.034842,42
batch,iskra64-portable,1024,4,6768,1.65595795,4.83104053,42
batch,XXH64-inline,1024,4,7563,2.08661553,3.83395977,42
batch,iskra64-avx2,1024,4,28794,0.643986703,12.4226167,42
batch,iskra64-avx512,1024,4,81841,0.193504163,41.3427798,42
batch,splitmix-reference,1024,4,83974,0.196137962,40.7876165,42
batch,XXH3-64-inline,1024,4,53492,0.296819428,26.9524136,42
batch,iskra64-avx512,1024,5,82123,0.201073485,39.7864492,42
batch,std-hash-u64,1024,5,170719,0.0976544481,81.9215116,42
batch,XXH64-inline,1024,5,7123,2.0367015,3.92791972,42
batch,iskra64-auto,1024,5,81754,0.188946508,42.3400257,42
batch,iskra64-portable,1024,5,13949,1.56679102,5.10597769,42
batch,splitmix-reference,1024,5,83938,0.192085672,41.648083,42
batch,XXH3-64-inline,1024,5,53627,0.313737516,25.4990226,42
batch,iskra64-avx2,1024,5,29092,0.560902764,14.2627217,42
batch,iskra64-inline,1024,5,56404,0.197939319,40.4164269,42
batch,splitmix-reference,1024,6,83192,0.199244422,40.1516886,42
batch,iskra64-auto,1024,6,82228,0.184638969,43.3277982,42
batch,iskra64-avx512,1024,6,81860,0.182712183,43.7847102,42
batch,iskra64-portable,1024,6,13927,1.0872479,7.35802752,42
batch,XXH64-inline,1024,6,7891,1.91079966,4.18672882,42
batch,iskra64-inline,1024,6,83938,0.18123902,44.1406052,42
batch,XXH3-64-inline,1024,6,53477,0.279473334,28.6252712,42
batch,std-hash-u64,1024,6,170341,0.0887640396,90.1265877,42
batch,iskra64-avx2,1024,6,29012,0.522287215,15.3172426,42
batch,iskra64-inline,1024,7,83958,0.179571778,44.5504305,42
batch,std-hash-u64,1024,7,170871,0.0907464721,88.1576971,42
batch,XXH64-inline,1024,7,7520,2.33433487,3.42710041,42
batch,iskra64-avx2,1024,7,28794,0.521271928,15.3470762,42
batch,XXH3-64-inline,1024,7,53203,0.289242144,27.6584867,42
batch,iskra64-portable,1024,7,13954,1.49507989,5.35088464,42
batch,iskra64-auto,1024,7,81860,0.189572088,42.2003054,42
batch,iskra64-avx512,1024,7,82123,0.18601635,43.0069723,42
batch,splitmix-reference,1024,7,83921,0.1788924,44.7196192,42
batch,iskra64-inline,1024,8,83210,0.182021673,43.9508101,42
batch,iskra64-avx512,1024,8,82263,0.181728983,44.0215968,42
batch,XXH3-64-inline,1024,8,53762,0.278051659,28.771632,42
batch,iskra64-auto,1024,8,82070,0.184899467,43.2667554,42
batch,iskra64-portable,1024,8,13948,1.3679027,5.84836919,42
batch,XXH64-inline,1024,8,7907,1.92872588,4.14781596,42
batch,std-hash-u64,1024,8,171100,0.0891106775,89.775998,42
batch,splitmix-reference,1024,8,64671,0.17850163,44.8175179,42
batch,iskra64-avx2,1024,8,29021,0.507769394,15.7551835,42
batch,iskra64-inline,65536,0,1227,0.200103499,39.979311,42
batch,iskra64-auto,65536,0,1176,0.212485359,37.6496529,42
batch,iskra64-avx2,65536,0,456,0.539195747,14.8369123,42
batch,XXH64-inline,65536,0,127,1.89726149,4.21660379,42
batch,splitmix-reference,65536,0,1223,0.205608015,38.9089889,42
batch,XXH3-64-inline,65536,0,346,0.301851306,26.5031154,42
batch,iskra64-portable,65536,0,229,1.12749478,7.09537654,42
batch,std-hash-u64,65536,0,1362,0.190298251,42.0392723,42
batch,iskra64-avx512,65536,0,1178,0.205451538,38.9386231,42
batch,std-hash-u64,65536,1,1335,0.191042988,41.875392,42
batch,iskra64-portable,65536,1,229,1.5782572,5.06888231,42
batch,XXH3-64-inline,65536,1,856,0.283789144,28.1899437,42
batch,iskra64-avx2,65536,1,455,0.532537272,15.0224227,42
batch,XXH64-inline,65536,1,123,1.90104725,4.20820682,42
batch,iskra64-inline,65536,1,1225,0.20211787,39.5808644,42
batch,iskra64-auto,65536,1,1171,0.206081087,38.8196709,42
batch,splitmix-reference,65536,1,1216,0.199508466,40.098549,42
batch,iskra64-avx512,65536,1,1179,0.211260717,37.8679014,42
batch,iskra64-avx512,65536,2,1189,0.209332016,38.216801,42
batch,iskra64-portable,65536,2,229,1.33169362,6.00738778,42
batch,splitmix-reference,65536,2,1220,0.197080443,40.5925614,42
batch,iskra64-inline,65536,2,1219,0.205539431,38.9219721,42
batch,iskra64-auto,65536,2,1183,0.205386138,38.951022,42
batch,std-hash-u64,65536,2,1062,0.177574474,45.0515202,42
batch,XXH64-inline,65536,2,98,1.91618939,4.17495267,42
batch,XXH3-64-inline,65536,2,859,0.294025799,27.2084968,42
batch,iskra64-avx2,65536,2,457,0.535955417,14.9266147,42
batch,iskra64-avx2,65536,3,457,0.549778844,14.5513056,42
batch,std-hash-u64,65536,3,1315,0.181453075,44.0885336,42
batch,splitmix-reference,65536,3,1210,0.30922129,25.8714399,42
batch,iskra64-auto,65536,3,776,0.297779555,26.8655113,42
batch,XXH3-64-inline,65536,3,844,0.349387255,22.8972291,42
batch,iskra64-avx512,65536,3,1188,0.203971683,39.2211305,42
batch,iskra64-inline,65536,3,1214,0.209713881,38.1472126,42
batch,XXH64-inline,65536,3,128,1.87249434,4.27237607,42
batch,iskra64-portable,65536,3,228,1.36079286,5.8789256,42
batch,splitmix-reference,65536,4,1206,0.195187191,40.9862961,42
batch,iskra64-auto,65536,4,1172,0.211011724,37.9125854,42
batch,std-hash-u64,65536,4,1353,0.201803395,39.6425442,42
batch,XXH3-64-inline,65536,4,848,0.31817519,25.1433809,42
batch,iskra64-portable,65536,4,229,1.14690409,6.9752999,42
batch,XXH64-inline,65536,4,121,2.17909405,3.67125045,42
batch,iskra64-avx2,65536,4,455,0.620450701,12.8938528,42
batch,iskra64-avx512,65536,4,1170,0.235341299,33.9931837,42
batch,iskra64-inline,65536,4,1172,0.234569524,34.1050273,42
batch,XXH3-64-inline,65536,5,866,0.305183393,26.2137462,42
batch,iskra64-auto,65536,5,1185,0.245693802,32.5608539,42
batch,std-hash-u64,65536,5,1351,0.191081241,41.8670088,42
batch,iskra64-inline,65536,5,1226,0.227923469,35.0995008,42
batch,XXH64-inline,65536,5,127,2.10240582,3.80516451,42
batch,iskra64-avx2,65536,5,454,0.56492124,14.1612661,42
batch,iskra64-portable,65536,5,99,1.32253304,6.04899822,42
batch,splitmix-reference,65536,5,1226,0.210158953,38.0664248,42
batch,iskra64-avx512,65536,5,1169,0.224187872,35.6843567,42
batch,XXH3-64-inline,65536,6,841,0.298714782,26.7813998,42
batch,XXH64-inline,65536,6,98,2.0155867,3.96906767,42
batch,iskra64-inline,65536,6,1218,0.200793186,39.8419894,42
batch,std-hash-u64,65536,6,884,0.194982261,41.0293734,42
batch,splitmix-reference,65536,6,1211,0.212778484,37.5977865,42
batch,iskra64-portable,65536,6,155,1.72269533,4.64388557,42
batch,iskra64-auto,65536,6,1187,0.20778388,38.5015431,42
batch,iskra64-avx512,65536,6,1192,0.224556366,35.6257992,42
batch,iskra64-avx2,65536,6,455,0.536550702,14.9100541,42
batch,XXH3-64-inline,65536,7,868,0.297574549,26.8840196,42
batch,iskra64-avx512,65536,7,1183,0.22037103,36.3024123,42
batch,XXH64-inline,65536,7,124,2.15908973,3.70526517,42
batch,std-hash-u64,65536,7,1369,0.183300523,43.6441745,42
batch,splitmix-reference,65536,7,1224,0.21217593,37.7045596,42
batch,iskra64-inline,65536,7,1221,0.21223431,37.6941882,42
batch,iskra64-auto,65536,7,1183,0.23527532,34.0027165,42
batch,iskra64-avx2,65536,7,457,0.613828763,13.0329507,42
batch,iskra64-portable,65536,7,100,1.48222076,5.39730666,42
batch,std-hash-u64,65536,8,1372,0.188147842,42.5197541,42
batch,splitmix-reference,65536,8,1225,0.206686439,38.7059744,42
batch,iskra64-avx2,65536,8,456,0.5639016,14.1868723,42
batch,iskra64-auto,65536,8,1189,0.217959623,36.7040459,42
batch,XXH64-inline,65536,8,87,1.95927815,4.08313643,42
batch,iskra64-portable,65536,8,229,1.5844612,5.04903498,42
batch,iskra64-avx512,65536,8,1180,0.214444616,37.3056696,42
batch,iskra64-inline,65536,8,1202,0.216787062,36.9025712,42
batch,XXH3-64-inline,65536,8,377,0.308755849,25.9104403,42
batch,iskra64-avx512,1048576,0,42,0.241144021,33.1751953,42
batch,splitmix-reference,1048576,0,64,0.22713235,35.221755,42
batch,iskra64-portable,1048576,0,8,1.42225683,5.62486314,42
batch,std-hash-u64,1048576,0,55,0.247713297,32.2953999,42
batch,iskra64-inline,1048576,0,74,0.210832944,37.9447341,42
batch,iskra64-auto,1048576,0,57,0.226995418,35.2430021,42
batch,XXH64-inline,1048576,0,6,1.96593936,4.0693015,42
batch,iskra64-avx2,1048576,0,24,0.513727585,15.5724556,42
batch,XXH3-64-inline,1048576,0,52,0.308274434,25.9509032,42
batch,iskra64-portable,1048576,1,8,1.46829665,5.44849027,42
batch,XXH3-64-inline,1048576,1,37,0.305847451,26.1568307,42
batch,iskra64-inline,1048576,1,72,0.207841224,38.4909203,42
batch,std-hash-u64,1048576,1,72,0.216492825,36.9527258,42
batch,iskra64-auto,1048576,1,74,0.208795264,38.3150453,42
batch,splitmix-reference,1048576,1,62,0.218893805,36.5474025,42
batch,iskra64-avx2,1048576,1,26,0.560006362,14.285552,42
batch,iskra64-avx512,1048576,1,70,0.223876435,35.7339976,42
batch,XXH64-inline,1048576,1,7,1.97866889,4.04312213,42
batch,iskra64-avx2,1048576,2,27,0.582714681,13.7288458,42
batch,XXH64-inline,1048576,2,7,1.96157551,4.07835435,42
batch,XXH3-64-inline,1048576,2,46,0.347633092,23.0127689,42
batch,splitmix-reference,1048576,2,72,0.221627076,36.0966725,42
batch,iskra64-portable,1048576,2,9,1.19655514,6.68585989,42
batch,iskra64-avx512,1048576,2,59,0.21698984,36.8680855,42
batch,iskra64-inline,1048576,2,73,0.221909418,36.0507456,42
batch,std-hash-u64,1048576,2,72,0.225346459,35.5008906,42
batch,iskra64-auto,1048576,2,66,0.215269219,37.1627678,42
batch,iskra64-avx512,1048576,3,70,0.219837638,36.3904928,42
batch,iskra64-inline,1048576,3,59,0.214212159,37.3461527,42
batch,XXH3-64-inline,1048576,3,52,0.315311028,25.3717735,42
batch,iskra64-portable,1048576,3,9,1.56059096,5.12626321,42
batch,XXH64-inline,1048576,3,7,1.95226206,4.09781051,42
batch,splitmix-reference,1048576,3,50,0.228233089,35.051885,42
batch,std-hash-u64,1048576,3,62,0.241354604,33.1462498,42
batch,iskra64-avx2,1048576,3,27,0.651345288,12.282272,42
batch,iskra64-auto,1048576,3,71,0.232615793,34.391474,42
batch,iskra64-auto,1048576,4,68,0.234951468,34.0495851,42
batch,iskra64-inline,1048576,4,71,0.21811625,36.6776891,42
batch,iskra64-portable,1048576,4,11,1.60157325,4.99508842,42
batch,iskra64-avx512,1048576,4,50,0.309026051,25.8877851,42
batch,iskra64-avx2,1048576,4,27,0.540824678,14.7922244,42
batch,splitmix-reference,1048576,4,61,0.219137082,36.506829,42
batch,XXH3-64-inline,1048576,4,51,0.290983499,27.4929679,42
batch,XXH64-inline,1048576,4,7,1.85291413,4.31752334,42
batch,std-hash-u64,1048576,4,56,0.228157384,35.0635156,42
batch,iskra64-avx512,1048576,5,73,0.218387369,36.6321553,42
batch,iskra64-avx2,1048576,5,28,0.533805541,14.9867309,42
batch,XXH64-inline,1048576,5,7,1.84828213,4.32834352,42
batch,std-hash-u64,1048576,5,49,0.223344939,35.8190341,42
batch,iskra64-auto,1048576,5,63,0.209843257,38.1236934,42
batch,XXH3-64-inline,1048576,5,52,0.284130463,28.1560798,42
batch,iskra64-portable,1048576,5,8,1.02620363,7.79572372,42
batch,splitmix-reference,1048576,5,64,0.211290643,37.8625381,42
batch,iskra64-inline,1048576,5,73,0.207339927,38.583982,42
batch,XXH3-64-inline,1048576,6,52,0.280827504,28.4872382,42
batch,iskra64-avx2,1048576,6,27,0.519676632,15.3941884,42
batch,std-hash-u64,1048576,6,65,0.220931728,36.2102812,42
batch,XXH64-inline,1048576,6,7,1.8777301,4.26046321,42
batch,iskra64-portable,1048576,6,13,1.18733377,6.7377853,42
batch,iskra64-inline,1048576,6,48,0.205193122,38.9876615,42
batch,splitmix-reference,1048576,6,67,0.211421767,37.8390556,42
batch,iskra64-auto,1048576,6,74,0.218536351,36.6071821,42
batch,iskra64-avx512,1048576,6,74,0.207605413,38.5346406,42
batch,XXH3-64-inline,1048576,7,52,0.29089814,27.5010353,42
batch,iskra64-portable,1048576,7,13,1.4973424,5.34279934,42
batch,iskra64-avx512,1048576,7,63,0.22009951,36.3471959,42
batch,splitmix-reference,1048576,7,72,0.207595547,38.5364721,42
batch,XXH64-inline,1048576,7,7,1.87339265,4.27032742,42
batch,iskra64-inline,1048576,7,62,0.214623805,37.2745232,42
batch,iskra64-auto,1048576,7,66,0.203883749,39.2380464,42
batch,std-hash-u64,1048576,7,71,0.212065455,37.7242017,42
batch,iskra64-avx2,1048576,7,28,0.527231148,15.1736103,42
batch,iskra64-avx2,1048576,8,27,0.521591045,15.3376866,42
batch,iskra64-inline,1048576,8,69,0.203134412,39.3827905,42
batch,XXH64-inline,1048576,8,7,1.86346776,4.29307132,42
batch,iskra64-portable,1048576,8,14,1.40833746,5.68045674,42
batch,XXH3-64-inline,1048576,8,47,0.313821833,25.4921715,42
batch,iskra64-avx512,1048576,8,71,0.209214331,38.2382982,42
batch,std-hash-u64,1048576,8,72,0.208989448,38.2794446,42
batch,iskra64-auto,1048576,8,74,0.20002436,39.9951286,42
batch,splitmix-reference,1048576,8,73,0.209354636,38.2126719,42
