run,mode,keys_per_batch,algorithm,seed,repeats,median_ns_per_key,min_ns_per_key,max_ns_per_key,mad_ns_per_key,input_GB_per_s
bench-gcc-seed42,batch,16,XXH3-64-inline,42,9,0.40570868,0.393475619,0.415688465,0.003970713999999986,19.718582308862604
bench-gcc-seed42,batch,16,XXH64-inline,42,9,1.96031066,1.92362231,2.06854756,0.02559836999999998,4.08098581680926
bench-gcc-seed42,batch,16,iskra64-auto,42,9,0.515909427,0.500775883,0.629578428,0.013915589000000006,15.5065978276842
bench-gcc-seed42,batch,16,iskra64-avx2,42,9,0.667371524,0.652854331,0.78628332,0.008717481999999999,11.987325968076517
bench-gcc-seed42,batch,16,iskra64-avx512,42,9,0.501578582,0.482624975,0.514748257,0.009880312999999918,15.949644357023201
bench-gcc-seed42,batch,16,iskra64-inline,42,9,0.252026134,0.234330798,0.258562914,0.005134582000000026,31.74273982237096
bench-gcc-seed42,batch,16,iskra64-portable,42,9,1.4582942,1.43463808,1.49797046,0.018493329999999863,5.485861494889028
bench-gcc-seed42,batch,16,splitmix-reference,42,9,0.245542523,0.235430468,0.25585063,0.004638299000000012,32.58091471186846
bench-gcc-seed42,batch,16,std-hash-u64,42,9,0.192144599,0.189299395,0.197086522,0.002794112999999987,41.63531029045474
bench-gcc-seed42,batch,1024,XXH3-64-inline,42,9,0.357585253,0.347006327,0.366713796,0.005625360999999995,22.37228725984402
bench-gcc-seed42,batch,1024,XXH64-inline,42,9,1.94069687,1.88218348,2.01707965,0.04125105000000007,4.122230588231948
bench-gcc-seed42,batch,1024,iskra64-auto,42,9,0.198295105,0.191511775,0.203759253,0.00458936800000001,40.34391065780469
bench-gcc-seed42,batch,1024,iskra64-avx2,42,9,0.515707518,0.505372967,0.524016489,0.0051917610000000725,15.51266894658689
bench-gcc-seed42,batch,1024,iskra64-avx512,42,9,0.188051489,0.183117762,0.198661117,0.004536342999999998,42.5415403118664
bench-gcc-seed42,batch,1024,iskra64-inline,42,9,0.19931249,0.192681423,0.206514932,0.0014317229999999959,40.137976300431546
bench-gcc-seed42,batch,1024,iskra64-portable,42,9,1.08234655,1.05478896,1.12845688,0.018768549999999884,7.391347992932578
bench-gcc-seed42,batch,1024,splitmix-reference,42,9,0.201448775,0.191354457,0.208944428,0.002509190999999994,39.712328853824005
bench-gcc-seed42,batch,1024,std-hash-u64,42,9,0.102694209,0.099478846,0.106619003,0.002338127999999995,77.9011794131449
bench-gcc-seed42,batch,65536,XXH3-64-inline,42,9,0.33471727,0.329597699,0.348001612,0.005028405999999985,23.9007685501259
bench-gcc-seed42,batch,65536,XXH64-inline,42,9,1.87275648,1.83453862,1.93283622,0.02011278999999999,4.271778037046226
bench-gcc-seed42,batch,65536,iskra64-auto,42,9,0.196311057,0.192670316,0.208161936,0.001489262000000019,40.75165261832399
bench-gcc-seed42,batch,65536,iskra64-avx2,42,9,0.521050112,0.506450348,0.606556626,0.007915647000000026,15.353609596767539
bench-gcc-seed42,batch,65536,iskra64-avx512,42,9,0.19673877,0.192973767,0.205408079,0.002759942000000015,40.663057921933735
bench-gcc-seed42,batch,65536,iskra64-inline,42,9,0.200291031,0.1972564,0.218282145,0.0021858110000000097,39.94187837597181
bench-gcc-seed42,batch,65536,iskra64-portable,42,9,1.19457675,1.18151034,1.26085834,0.00803560999999986,6.696932616510408
bench-gcc-seed42,batch,65536,splitmix-reference,42,9,0.201628006,0.198984898,0.206650476,0.0017984350000000149,39.67702780336974
bench-gcc-seed42,batch,65536,std-hash-u64,42,9,0.178262692,0.174443427,0.181996211,0.0015507919999999953,44.877589978277676
bench-gcc-seed42,batch,1048576,XXH3-64-inline,42,9,0.338540286,0.334339608,0.350461871,0.0016966439999999694,23.630865603983093
bench-gcc-seed42,batch,1048576,XXH64-inline,42,9,1.89585154,1.84469155,1.93205602,0.03544031000000003,4.219739695440499
bench-gcc-seed42,batch,1048576,iskra64-auto,42,9,0.205478051,0.201945208,0.207951085,0.002473034000000013,38.933598800778974
bench-gcc-seed42,batch,1048576,iskra64-avx2,42,9,0.52312994,0.512166228,0.529278183,0.0037466459999999646,15.292567655370672
bench-gcc-seed42,batch,1048576,iskra64-avx512,42,9,0.205714678,0.196771058,0.227817045,0.002625875999999999,38.88881473007969
bench-gcc-seed42,batch,1048576,iskra64-inline,42,9,0.205433034,0.200992017,0.226163284,0.001849951999999988,38.94213040732291
bench-gcc-seed42,batch,1048576,iskra64-portable,42,9,1.23865804,1.19792635,1.2889823,0.030353370000000046,6.4586025696002425
bench-gcc-seed42,batch,1048576,splitmix-reference,42,9,0.207835339,0.197796499,0.217277911,0.0039860959999999945,38.492010254329266
bench-gcc-seed42,batch,1048576,std-hash-u64,42,9,0.215194632,0.20758576,0.23320635,0.0047818289999999875,37.17564850781222
bench-gcc-seed42,latency,1,XXH3-64-inline,42,9,4.5780016,4.52872118,4.73197634,0.02323911000000045,1.7474873752774571
bench-gcc-seed42,latency,1,XXH64-inline,42,9,7.18430783,6.91596864,7.44390167,0.14208644999999986,1.1135380316798036
bench-gcc-seed42,latency,1,iskra64-inline,42,9,3.71521829,3.63371594,4.13023786,0.021729360000000142,2.1533055060406694
bench-gcc-seed42,latency,1,splitmix-reference,42,9,3.69287617,3.59136007,3.96411652,0.04887603000000018,2.1663331321504886
bench-clang-seed42,batch,16,XXH3-64-inline,42,9,0.282927267,0.278591061,0.294494811,0.0017353219999999836,28.27581832188695
bench-clang-seed42,batch,16,XXH64-inline,42,9,1.97161533,1.91884785,2.02645905,0.02764833000000011,4.057586628726406
bench-clang-seed42,batch,16,iskra64-auto,42,9,0.483762949,0.417788334,0.529554977,0.03238095899999999,16.537025037855887
bench-clang-seed42,batch,16,iskra64-avx2,42,9,0.622207948,0.608580579,0.642522158,0.008615186999999969,12.85743781595024
bench-clang-seed42,batch,16,iskra64-avx512,42,9,0.425125995,0.406690732,0.523089911,0.014858877999999964,18.817950664249548
bench-clang-seed42,batch,16,iskra64-inline,42,9,1.13600604,1.08649968,1.16973724,0.022461990000000043,7.042216078358175
bench-clang-seed42,batch,16,iskra64-portable,42,9,1.36213723,1.1682875,1.45807982,0.0800265,5.8731233709837
bench-clang-seed42,batch,16,splitmix-reference,42,9,1.11877963,1.09279796,1.23759439,0.007406639999999909,7.150648604497743
bench-clang-seed42,batch,16,std-hash-u64,42,9,0.275513537,0.268917559,0.289999949,0.003639219000000027,29.036685772721217
bench-clang-seed42,batch,1024,XXH3-64-inline,42,9,0.289242144,0.278051659,0.379516435,0.009768809999999961,27.65848672453486
bench-clang-seed42,batch,1024,XXH64-inline,42,9,1.97777147,1.91079966,2.33433487,0.04904558999999997,4.044956720909722
bench-clang-seed42,batch,1024,iskra64-auto,42,9,0.188946508,0.184638969,0.211529068,0.002400656000000001,42.340025675414964
bench-clang-seed42,batch,1024,iskra64-avx2,42,9,0.522287215,0.507769394,0.643986703,0.014517820999999986,15.317242640143892
bench-clang-seed42,batch,1024,iskra64-avx512,42,9,0.188849425,0.181728983,0.20869922,0.004964176000000015,42.36179167609327
bench-clang-seed42,batch,1024,iskra64-inline,42,9,0.182021673,0.179571778,0.226653193,0.0024498950000000075,43.95081018731214
bench-clang-seed42,batch,1024,iskra64-portable,42,9,1.49507989,1.0872479,1.65595795,0.07171112999999996,5.350884627309114
bench-clang-seed42,batch,1024,splitmix-reference,42,9,0.185339795,0.17850163,0.199244422,0.006745877000000011,43.16396270968143
bench-clang-seed42,batch,1024,std-hash-u64,42,9,0.0916831902,0.0887640396,0.117586809,0.0025725127000000014,87.25699861172588
bench-clang-seed42,batch,65536,XXH3-64-inline,42,9,0.301851306,0.283789144,0.349387255,0.006904543000000041,26.503115411400607
bench-clang-seed42,batch,65536,XXH64-inline,42,9,1.95927815,1.87249434,2.17909405,0.06201666000000006,4.083136434711937
bench-clang-seed42,batch,65536,iskra64-auto,42,9,0.212485359,0.205386138,0.297779555,0.006404272000000016,37.6496528403164
bench-clang-seed42,batch,65536,iskra64-avx2,42,9,0.549778844,0.532537272,0.620450701,0.014122756000000014,14.5513056519141
bench-clang-seed42,batch,65536,iskra64-avx512,42,9,0.214444616,0.203971683,0.235341299,0.008993078000000015,37.30566963732957
bench-clang-seed42,batch,65536,iskra64-inline,42,9,0.209713881,0.200103499,0.234569524,0.007596010999999986,38.14721258246134
bench-clang-seed42,batch,65536,iskra64-portable,42,9,1.36079286,1.12749478,1.72269533,0.21388877000000006,5.878925613998297
bench-clang-seed42,batch,65536,splitmix-reference,42,9,0.206686439,0.195187191,0.30922129,0.00609204499999999,38.70597431890536
bench-clang-seed42,batch,65536,std-hash-u64,42,9,0.190298251,0.177574474,0.201803395,0.0046840099999999885,42.03927234202484
bench-clang-seed42,batch,1048576,XXH3-64-inline,42,9,0.305847451,0.280827504,0.347633092,0.014863952000000014,26.156830713622657
bench-clang-seed42,batch,1048576,XXH64-inline,42,9,1.8777301,1.84828213,1.97866889,0.02944796999999988,4.26046320501546
bench-clang-seed42,batch,1048576,iskra64-auto,42,9,0.215269219,0.20002436,0.234951468,0.011385470000000009,37.16276779914364
bench-clang-seed42,batch,1048576,iskra64-avx2,42,9,0.533805541,0.513727585,0.651345288,0.014128908999999967,14.986730907688349
bench-clang-seed42,batch,1048576,iskra64-avx512,42,9,0.219837638,0.207605413,0.309026051,0.004038797000000011,36.39049287820314
bench-clang-seed42,batch,1048576,iskra64-inline,42,9,0.210832944,0.203134412,0.221909418,0.0037908610000000065,37.94473410189634
bench-clang-seed42,batch,1048576,iskra64-portable,42,9,1.42225683,1.02620363,1.60157325,0.13833413000000006,5.624863126865772
bench-clang-seed42,batch,1048576,splitmix-reference,42,9,0.218893805,0.207595547,0.228233089,0.007603161999999997,36.54740251785563
bench-clang-seed42,batch,1048576,std-hash-u64,42,9,0.223344939,0.208989448,0.247713297,0.0068521139999999925,35.81903416222026
bench-clang-seed42,latency,1,XXH3-64-inline,42,9,4.64898235,4.58133301,4.85221117,0.032351509999999806,1.7208067051491387
bench-clang-seed42,latency,1,XXH64-inline,42,9,7.14972817,6.99924884,7.30292123,0.0697818700000008,1.1189236583242017
bench-clang-seed42,latency,1,iskra64-inline,42,9,3.66748791,3.59964969,3.80674064,0.060908910000000205,2.181329617525583
bench-clang-seed42,latency,1,splitmix-reference,42,9,3.68470847,3.62722987,3.73426714,0.028687640000000236,2.17113512917889
bench-gcc-seed0,batch,16,XXH3-64-inline,0,9,0.402412665,0.394728472,0.409962352,0.0060439760000000065,19.8800900066105
bench-gcc-seed0,batch,16,XXH64-inline,0,9,1.95928812,1.93266591,2.12832182,0.01202055000000013,4.083115657333746
bench-gcc-seed0,batch,16,iskra64-auto,0,9,0.504720059,0.499959657,0.531535715,0.004760402000000052,15.850370630900562
bench-gcc-seed0,batch,16,iskra64-avx2,0,9,0.659313251,0.654127576,0.723460936,0.005185675000000001,12.133837728676259
bench-gcc-seed0,batch,16,iskra64-avx512,0,9,0.501270275,0.482040984,0.551206933,0.008774456000000042,15.959454208610316
bench-gcc-seed0,batch,16,iskra64-inline,0,9,0.250005155,0.244582302,0.258254386,0.0029454049999999843,31.999340173605624
bench-gcc-seed0,batch,16,iskra64-portable,0,9,1.44929063,1.43229264,1.50687709,0.015794969999999964,5.519941849068603
bench-gcc-seed0,batch,16,splitmix-reference,0,9,0.249072079,0.239038952,0.260899784,0.0029341589999999917,32.119216381535885
bench-gcc-seed0,batch,16,std-hash-u64,0,9,0.190815408,0.13920458,0.194852084,0.00203679100000001,41.925335505401115
bench-gcc-seed0,batch,1024,XXH3-64-inline,0,9,0.359840556,0.35446348,0.434400832,0.002946331999999996,22.232068805496176
bench-gcc-seed0,batch,1024,XXH64-inline,0,9,2.05483333,2.02906813,2.13529752,0.017668760000000283,3.8932598002972822
bench-gcc-seed0,batch,1024,iskra64-auto,0,9,0.185349461,0.17992135,0.187495191,0.0014431699999999936,43.16171170306236
bench-gcc-seed0,batch,1024,iskra64-avx2,0,9,0.527207159,0.516917261,0.657415723,0.0037860710000000575,15.174300772345923
bench-gcc-seed0,batch,1024,iskra64-avx512,0,9,0.183517879,0.180285784,0.186613468,0.0011737619999999949,43.59248288827488
bench-gcc-seed0,batch,1024,iskra64-inline,0,9,0.206596457,0.202472888,0.211779942,0.001059842999999977,38.722832502398624
bench-gcc-seed0,batch,1024,iskra64-portable,0,9,1.23432579,1.20571426,1.67708542,0.01839729999999995,6.481271042712313
bench-gcc-seed0,batch,1024,splitmix-reference,0,9,0.20879862,0.203953861,0.21726176,0.003506293999999993,38.314429472761844
bench-gcc-seed0,batch,1024,std-hash-u64,0,9,0.120242904,0.116901252,0.155249929,0.0028361789999999942,66.53199260723112
bench-gcc-seed0,batch,65536,XXH3-64-inline,0,9,0.337800277,0.331771009,0.631469748,0.0060292679999999765,23.682633037035668
bench-gcc-seed0,batch,65536,XXH64-inline,0,9,2.1004011,1.84391415,3.48564432,0.23232527000000003,3.808796329424889
bench-gcc-seed0,batch,65536,iskra64-auto,0,9,0.209314308,0.19477301,0.262019213,0.010467202000000009,38.22003415074711
bench-gcc-seed0,batch,65536,iskra64-avx2,0,9,0.5214849,0.504335367,0.594423905,0.012943760000000082,15.340808525807745
bench-gcc-seed0,batch,65536,iskra64-avx512,0,9,0.222865399,0.192249004,0.409833094,0.027239239999999998,35.89610606175793
bench-gcc-seed0,batch,65536,iskra64-inline,0,9,0.222525724,0.200395991,0.350026851,0.022129733000000013,35.950899771030514
bench-gcc-seed0,batch,65536,iskra64-portable,0,9,1.15399725,1.10525137,1.48487884,0.044250219999999896,6.932425532209891
bench-gcc-seed0,batch,65536,splitmix-reference,0,9,0.225908185,0.197090117,0.305207013,0.020168008999999987,35.41261685582574
bench-gcc-seed0,batch,65536,std-hash-u64,0,9,0.1982336,0.176044043,0.249207186,0.01800811100000002,40.35642797184735
bench-gcc-seed0,batch,1048576,XXH3-64-inline,0,9,0.364359244,0.343414063,0.378395171,0.006690224000000022,21.956352505770376
bench-gcc-seed0,batch,1048576,XXH64-inline,0,9,1.87945339,1.83541856,2.49133859,0.032755169999999945,4.256556742809142
bench-gcc-seed0,batch,1048576,iskra64-auto,0,9,0.236000844,0.206112377,0.288854957,0.011432490999999989,33.89818385564757
bench-gcc-seed0,batch,1048576,iskra64-avx2,0,9,0.545702546,0.50976174,2.02885151,0.03594080600000005,14.660001238110404
bench-gcc-seed0,batch,1048576,iskra64-avx512,0,9,0.222223257,0.214406592,0.320356265,0.0075386169999999975,35.99983236678058
bench-gcc-seed0,batch,1048576,iskra64-inline,0,9,0.224512847,0.205898386,0.273556004,0.01289490900000001,35.63270479573047
bench-gcc-seed0,batch,1048576,iskra64-portable,0,9,1.23028843,1.20077558,1.48495405,0.02649713000000009,6.502540221401578
bench-gcc-seed0,batch,1048576,splitmix-reference,0,9,0.218591483,0.204604119,0.291336536,0.009983497000000008,36.59794924397855
bench-gcc-seed0,batch,1048576,std-hash-u64,0,9,0.270028544,0.224612193,0.488588855,0.03764049999999999,29.626497560198676
bench-gcc-seed0,latency,1,XXH3-64-inline,0,9,4.57642789,4.52193141,4.85818282,0.04305418999999944,1.7480882890083078
bench-gcc-seed0,latency,1,XXH64-inline,0,9,7.03664825,6.89092103,7.21380431,0.059995059999999434,1.1369049177639368
bench-gcc-seed0,latency,1,iskra64-inline,0,9,3.62387705,3.59244714,3.68476246,0.019044880000000042,2.207580414462461
bench-gcc-seed0,latency,1,splitmix-reference,0,9,3.62758622,3.59401124,3.7048412,0.03056688999999979,2.2053231859503537
